User,alfaromeo,samsung,lavazza,armani,adidas,microsoft,barilla,ferrero,delonghi,amarelli
007maybe,0.8333333333333334,0.5,0.5,0.5,0.6666666666666666,0.5,0.3333333333333333,0.6666666666666666,0.3333333333333333,0.6666666666666666
21Phylk,0.5,0.5,0.5,0.8333333333333334,0.8333333333333334,0.5,0.5,0.5,0.5,0.5
ABO_mondo,0.8333333333333334,0.6666666666666666,0.6666666666666666,0.8333333333333334,0.6666666666666666,0.6666666666666666,1.0,0.6666666666666666,0.6666666666666666,0.5
ACE2276,0.6666666666666666,0.5,0.5,0.5,0.5,0.5,0.5,0.5,0.5,0.5
AGnomblea,0.5,0.5,0.5,0.5,0.5,0.5,0.5,0.6666666666666666,0.5,0.6666666666666666
AIMSAccountants,0.8333333333333334,0.5,0.8333333333333334,0.6666666666666666,0.6666666666666666,0.5,0.6666666666666666,0.6666666666666666,0.6666666666666666,0.5
ASomaliyeed,0.5,0.5,0.5,0.5,0.5,0.5,0.5,0.5,0.5,0.5
AgriculturaIT,0.5,0.6666666666666666,0.5,0.5,0.5,0.6666666666666666,0.5,0.6666666666666666,0.5,0.6666666666666666
Ajentek_,0.5,0.5,0.5,0.5,0.5,0.3333333333333333,0.6666666666666666,0.5,0.6666666666666666,0.5
Alessia65531701,0.5,0.5,0.5,0.5,0.5,0.5,0.5,0.5,0.5,0.5
AliTMumof3,0.5,0.5,0.5,0.5,0.5,0.5,0.5,0.5,0.5,0.5
Allinhubs,0.5,0.5,0.5,0.5,0.5,0.5,0.6666666666666666,0.5,0.6666666666666666,0.5
AmandaGem5,0.5,0.5,0.5,0.5,0.5,0.6666666666666666,0.5,0.3333333333333333,0.5,0.3333333333333333
AmberGalore,0.5,0.5,0.5,0.5,0.5,0.5,0.5,0.5,0.5,0.5
AngelFeatherSky,0.6666666666666666,0.5,0.5,0.5,0.6666666666666666,0.5,0.6666666666666666,0.5,0.6666666666666666,0.5
Anna31746749,0.5,0.5,0.5,0.5,0.5,0.5,0.6666666666666666,0.5,0.6666666666666666,0.5
AnotherSnackRev,0.5,0.5,0.5,0.5,0.5,0.5,0.5,0.5,0.5,0.5
AnteaterButters,0.3333333333333333,0.5,0.8333333333333334,0.5,0.5,0.5,0.8333333333333334,0.8333333333333334,0.8333333333333334,0.8333333333333334
AntonelloDiGenn,0.5,0.5,0.5,0.5,0.5,0.5,0.5,0.5,0.5,0.5
ArchitRoma,0.6666666666666666,0.5,0.6666666666666666,0.6666666666666666,0.5,0.5,0.8333333333333334,0.6666666666666666,0.6666666666666666,0.5
Arena_vision1,0.5,0.5,0.5,0.5,0.5,0.5,0.5,0.5,0.5,0.5
ArtBlocksEngine,0.6666666666666666,0.6666666666666666,0.6666666666666666,0.8333333333333334,0.6666666666666666,0.6666666666666666,0.6666666666666666,0.6666666666666666,0.5,0.5
Artistic_Flow92,0.5,0.6666666666666666,0.5,0.5,0.5,0.6666666666666666,0.5,0.5,0.5,0.5
AshleyUGCsocial,0.8333333333333334,0.5,0.8333333333333334,0.5,0.6666666666666666,0.5,0.6666666666666666,0.5,0.8333333333333334,0.5
AspireLev,0.5,0.5,0.5,0.5,0.5,0.5,0.5,0.3333333333333333,0.5,0.3333333333333333
Asudtraleparole,0.6666666666666666,0.5,0.5,0.5,0.6666666666666666,0.5,0.5,0.5,0.5,0.5
BCLONA,0.5,0.5,0.6666666666666666,0.6666666666666666,0.6666666666666666,0.6666666666666666,0.5,0.5,0.6666666666666666,0.5
BKKNX2,0.5,0.5,0.5,0.5,0.5,0.5,0.5,0.5,0.5,0.5
BPH83,0.3333333333333333,0.5,0.3333333333333333,0.5,0.5,0.6666666666666666,0.5,0.6666666666666666,0.5,0.6666666666666666
BRI_on_FB_TTV,0.6666666666666666,0.5,0.5,0.5,0.6666666666666666,0.5,0.5,0.6666666666666666,0.5,0.6666666666666666
Bargainhunter85,0.5,0.5,0.5,0.6666666666666666,0.6666666666666666,0.5,0.5,0.5,0.5,0.5
BarrieP27355579,0.5,0.5,0.5,0.5,0.5,0.5,0.6666666666666666,0.5,0.6666666666666666,0.5
BenediktAcht,0.5,0.5,0.5,0.5,0.5,0.5,0.5,0.5,0.5,0.5
Biagio960,0.8333333333333334,0.5,0.6666666666666666,0.6666666666666666,0.5,0.5,0.6666666666666666,0.6666666666666666,0.5,0.5
Bioseutica,0.6666666666666666,0.6666666666666666,0.3333333333333333,0.5,0.5,0.6666666666666666,0.5,0.6666666666666666,0.3333333333333333,0.6666666666666666
BlatantClothing,0.5,0.5,0.5,0.5,0.5,0.5,0.5,0.5,0.5,0.5
BlazRainSadhu,0.5,0.5,0.5,0.5,0.5,0.6666666666666666,0.6666666666666666,0.6666666666666666,0.6666666666666666,0.6666666666666666
Blissfulccoffee,0.6666666666666666,0.5,0.6666666666666666,0.5,0.5,0.5,0.5,0.5,0.6666666666666666,0.5
BurtonAlbionCT,0.8333333333333334,0.5,0.5,0.6666666666666666,0.8333333333333334,0.6666666666666666,0.6666666666666666,0.6666666666666666,0.6666666666666666,0.6666666666666666
CLHNews,0.5,0.8333333333333334,0.6666666666666666,0.5,0.5,0.8333333333333334,0.5,0.6666666666666666,0.6666666666666666,0.6666666666666666
COROsservatorio,0.5,0.5,0.5,0.5,0.5,0.5,0.5,0.6666666666666666,0.5,0.6666666666666666
Caffdependent,0.5,0.5,0.5,0.5,0.5,0.5,0.5,0.5,0.5,0.5
Calabria_7,0.6666666666666666,0.8333333333333334,0.3333333333333333,0.3333333333333333,0.6666666666666666,0.5,0.5,0.16666666666666666,0.8333333333333334,0.3333333333333333
Canadian_Family,0.5,0.8333333333333334,0.5,0.6666666666666666,0.6666666666666666,0.8333333333333334,0.5,0.5,0.5,0.5
CarrieBmth,0.5,0.5,0.6666666666666666,0.5,0.5,0.5,0.5,0.5,0.6666666666666666,0.5
Carrolishere,0.6666666666666666,0.6666666666666666,0.5,0.5,0.6666666666666666,0.6666666666666666,0.8333333333333334,0.5,0.6666666666666666,0.5
CatherineCSG,0.6666666666666666,0.5,0.5,0.5,0.5,0.5,0.5,0.5,0.5,0.5
Chai1maa,0.5,0.5,0.5,0.5,0.5,0.5,0.5,0.5,0.5,0.5
CharlesWBondJr1,0.5,0.5,0.5,0.5,0.5,0.5,0.5,0.5,0.5,0.5
CharliCass,0.8333333333333334,0.5,0.5,0.3333333333333333,0.5,0.5,0.5,0.8333333333333334,0.6666666666666666,0.8333333333333334
CharlotteCCxx,0.5,0.6666666666666666,0.5,0.5,0.5,0.6666666666666666,0.5,0.6666666666666666,0.5,0.6666666666666666
ChaseInnocenti,0.5,0.5,0.6666666666666666,0.6666666666666666,0.6666666666666666,0.5,0.3333333333333333,0.3333333333333333,0.3333333333333333,0.3333333333333333
ChiemerieIsabe1,0.5,0.5,0.5,0.5,0.5,0.5,0.5,0.6666666666666666,0.5,0.6666666666666666
ChrisSavino,0.5,0.5,0.5,0.5,0.5,0.5,0.5,0.5,0.5,0.5
ChrisShort,0.5,0.8333333333333334,0.6666666666666666,0.6666666666666666,0.8333333333333334,0.8333333333333334,0.5,0.5,0.5,0.5
ChristianHenkel,0.3333333333333333,0.5,0.5,0.5,0.3333333333333333,0.5,0.6666666666666666,0.5,0.6666666666666666,0.5
Cineprolatino,0.5,0.5,0.5,0.5,0.5,0.5,0.5,0.5,0.5,0.5
CityBluebirds_,0.8333333333333334,0.5,0.5,0.8333333333333334,1.0,0.5,0.6666666666666666,0.6666666666666666,0.6666666666666666,0.6666666666666666
Claudia65944864,0.5,0.5,0.5,0.5,0.5,0.5,0.5,0.3333333333333333,0.5,0.3333333333333333
ClipShopUK,0.5,0.5,0.5,0.5,0.5,0.5,0.6666666666666666,0.6666666666666666,0.6666666666666666,0.6666666666666666
ColU_CF,0.8333333333333334,0.6666666666666666,0.5,0.8333333333333334,1.0,0.8333333333333334,0.6666666666666666,0.6666666666666666,0.6666666666666666,0.6666666666666666
ConnectedCars_,0.6666666666666666,0.6666666666666666,0.5,0.6666666666666666,0.6666666666666666,0.6666666666666666,0.5,0.6666666666666666,0.5,0.6666666666666666
Control52092113,0.5,0.5,0.5,0.5,0.5,0.6666666666666666,0.5,0.5,0.5,0.5
CoriglianoCala1,0.6666666666666666,0.5,0.6666666666666666,0.8333333333333334,0.6666666666666666,0.5,0.6666666666666666,0.8333333333333334,0.5,0.8333333333333334
CreoleContessa,0.6666666666666666,0.5,0.6666666666666666,0.6666666666666666,0.6666666666666666,0.5,0.5,0.6666666666666666,0.5,0.6666666666666666
DAmbrosioGelati,0.6666666666666666,0.5,0.6666666666666666,0.6666666666666666,0.5,0.5,0.5,0.6666666666666666,0.5,0.5
DYazdiya,0.6666666666666666,0.5,0.5,0.5,0.6666666666666666,0.5,0.5,0.6666666666666666,0.5,0.6666666666666666
Darrenjs68,0.6666666666666666,0.5,0.3333333333333333,0.6666666666666666,0.6666666666666666,0.6666666666666666,0.5,0.6666666666666666,0.5,0.6666666666666666
Davey_Mitchell,0.6666666666666666,0.5,0.5,0.6666666666666666,0.8333333333333334,0.5,0.6666666666666666,0.6666666666666666,0.6666666666666666,0.6666666666666666
Dawnr1979,0.6666666666666666,0.5,0.8333333333333334,0.8333333333333334,0.8333333333333334,0.5,0.8333333333333334,0.8333333333333334,0.8333333333333334,0.8333333333333334
DeBrewerzIndia,0.3333333333333333,0.5,0.5,0.5,0.5,0.5,0.5,0.6666666666666666,0.5,0.6666666666666666
DenilleLePlatt,0.5,0.5,0.5,0.5,0.5,0.5,0.6666666666666666,0.5,0.6666666666666666,0.5
DeniseD02745788,0.5,0.6666666666666666,0.5,0.3333333333333333,0.3333333333333333,0.6666666666666666,0.5,0.6666666666666666,0.5,0.6666666666666666
DeniseMorbin,0.6666666666666666,0.5,0.6666666666666666,0.5,0.5,0.5,0.6666666666666666,0.5,0.8333333333333334,0.5
Dhyt1,0.5,0.5,0.3333333333333333,0.3333333333333333,0.5,0.5,0.3333333333333333,0.3333333333333333,0.5,0.5
DigitalVTajc,0.5,0.6666666666666666,0.5,0.5,0.5,0.8333333333333334,0.5,0.5,0.5,0.5
DigitalsoftG,0.5,0.6666666666666666,0.5,0.5,0.5,0.6666666666666666,0.5,0.5,0.5,0.5
Disturbed_Ride,0.5,0.5,0.5,0.5,0.5,0.5,0.5,0.5,0.5,0.5
DitchMariapaola,1.0,0.5,0.8333333333333334,0.8333333333333334,0.8333333333333334,0.5,0.8333333333333334,0.8333333333333334,0.8333333333333334,0.6666666666666666
DolciTentation,0.5,0.5,0.6666666666666666,0.5,0.5,0.5,0.5,0.6666666666666666,0.5,0.6666666666666666
DominiqueRevue,0.5,0.5,0.5,0.5,0.5,0.5,0.5,0.5,0.5,0.5
DuranWebDev,0.6666666666666666,0.5,0.8333333333333334,0.6666666666666666,0.6666666666666666,0.5,0.5,0.6666666666666666,0.6666666666666666,0.6666666666666666
Dylan_Gardner,0.6666666666666666,0.5,0.6666666666666666,0.6666666666666666,0.6666666666666666,0.5,0.6666666666666666,0.6666666666666666,0.6666666666666666,0.6666666666666666
ERA16801794,0.5,0.5,0.5,0.5,0.5,0.5,0.5,0.5,0.5,0.5
Eleonor36073038,0.5,0.5,0.5,0.5,0.5,0.5,0.5,0.5,0.5,0.5
ElsaDore,0.5,0.5,0.5,0.5,0.5,0.5,0.5,0.6666666666666666,0.5,0.6666666666666666
Emily_G_929,0.16666666666666666,0.5,0.6666666666666666,0.8333333333333334,0.6666666666666666,0.6666666666666666,0.6666666666666666,0.8333333333333334,0.6666666666666666,0.8333333333333334
Entony2201,0.5,0.5,0.5,0.5,0.5,0.5,0.5,0.6666666666666666,0.5,0.6666666666666666
FabiolaDe79,0.8333333333333334,0.5,0.6666666666666666,0.3333333333333333,0.16666666666666666,0.5,0.6666666666666666,0.8333333333333334,0.5,0.6666666666666666
FirstMediaTeam,0.6666666666666666,0.6666666666666666,0.6666666666666666,0.6666666666666666,0.8333333333333334,0.8333333333333334,0.6666666666666666,0.8333333333333334,0.8333333333333334,0.8333333333333334
FirthYas,0.5,0.5,0.5,0.5,0.5,0.5,0.5,0.6666666666666666,0.5,0.6666666666666666
FoodBev,0.6666666666666666,0.5,0.5,0.5,0.6666666666666666,0.5,0.5,0.5,0.5,0.5
Foodex,0.5,0.3333333333333333,0.5,0.6666666666666666,0.6666666666666666,0.3333333333333333,0.6666666666666666,0.5,0.5,0.5
FormulaAccess,0.5,0.5,0.5,0.5,0.5,0.5,0.5,0.6666666666666666,0.5,0.6666666666666666
FourCatsCoffee,0.5,0.5,0.5,0.3333333333333333,0.3333333333333333,0.5,0.6666666666666666,0.3333333333333333,0.6666666666666666,0.3333333333333333
FrancescaLater3,0.5,0.5,0.6666666666666666,0.5,0.3333333333333333,0.5,0.5,0.6666666666666666,0.5,0.6666666666666666
FrancoLaratta,0.6666666666666666,0.5,1.0,1.0,0.8333333333333334,0.5,0.8333333333333334,0.8333333333333334,0.8333333333333334,0.6666666666666666
FreyChen7,0.5,0.6666666666666666,0.5,0.5,0.5,0.6666666666666666,0.5,0.5,0.5,0.5
FujiFreak,0.6666666666666666,0.5,0.8333333333333334,0.3333333333333333,0.3333333333333333,0.5,0.8333333333333334,0.8333333333333334,0.8333333333333334,0.8333333333333334
GBencivinni47,0.6666666666666666,0.6666666666666666,0.5,0.8333333333333334,0.6666666666666666,0.6666666666666666,0.8333333333333334,0.5,0.6666666666666666,0.3333333333333333
GCForum,0.6666666666666666,0.5,0.5,0.5,0.5,0.5,0.5,0.6666666666666666,0.5,0.6666666666666666
Gabrielacazulli,0.5,0.5,0.5,0.5,0.5,0.5,0.5,0.5,0.5,0.5
GelateriaRomana,0.8333333333333334,0.5,0.8333333333333334,0.8333333333333334,0.8333333333333334,0.5,0.8333333333333334,1.0,0.8333333333333334,0.8333333333333334
Gemalicious2,0.5,0.5,0.5,0.6666666666666666,0.6666666666666666,0.5,0.5,0.3333333333333333,0.5,0.3333333333333333
Gene_sita,0.5,0.5,0.5,0.5,0.5,0.5,0.5,0.6666666666666666,0.5,0.6666666666666666
GeoWordz,0.5,0.5,0.5,0.6666666666666666,0.6666666666666666,0.5,0.5,0.6666666666666666,0.5,0.6666666666666666
Geoffre24543523,0.5,0.5,0.5,0.5,0.5,0.5,0.5,0.5,0.5,0.5
GeorgeJohnson33,0.5,0.5,0.5,0.5,0.5,0.5,0.5,0.5,0.5,0.5
Georgie_Moody,0.5,0.5,0.5,0.5,0.5,0.5,0.5,0.6666666666666666,0.5,0.6666666666666666
GiampaoloAtzor2,0.5,0.5,0.5,0.5,0.5,0.5,0.5,0.5,0.5,0.5
Gian_Romeo,0.5,0.6666666666666666,0.6666666666666666,0.6666666666666666,0.6666666666666666,0.6666666666666666,0.5,0.5,0.5,0.5
GiantTattoo,0.5,0.6666666666666666,0.5,0.6666666666666666,0.6666666666666666,0.6666666666666666,0.5,0.5,0.5,0.5
Ginvercillo,0.5,0.5,0.5,0.6666666666666666,0.6666666666666666,0.5,0.5,0.5,0.5,0.5
GiuseppeJoe74,0.5,0.5,0.5,0.5,0.5,0.5,0.5,0.5,0.5,0.5
GiusyRitrovato,0.6666666666666666,0.3333333333333333,0.3333333333333333,0.6666666666666666,0.6666666666666666,0.16666666666666666,0.6666666666666666,0.6666666666666666,0.5,0.6666666666666666
HGHYGuangzhou,0.6666666666666666,0.6666666666666666,0.5,0.6666666666666666,0.6666666666666666,0.8333333333333334,0.6666666666666666,0.5,0.8333333333333334,0.5
HRA_Global,0.8333333333333334,0.6666666666666666,0.5,0.5,0.6666666666666666,0.6666666666666666,0.6666666666666666,0.5,0.5,0.5
H_A_11111111,0.5,0.5,0.5,0.5,0.5,0.5,0.5,0.5,0.5,0.5
HansiiS24,0.5,0.5,0.5,0.5,0.5,0.5,0.5,0.5,0.5,0.5
HeGeorge6,0.6666666666666666,0.5,0.5,0.5,0.5,0.5,0.5,0.5,0.5,0.5
HelloCaraNicole,0.5,0.5,0.5,0.5,0.5,0.5,0.3333333333333333,0.5,0.3333333333333333,0.5
Ikarus24Irakli,0.5,0.5,0.5,0.5,0.5,0.5,0.5,0.5,0.5,0.5
IkeagoneKatz,0.5,0.5,0.5,0.5,0.5,0.5,0.5,0.5,0.5,0.5
ImpackagingLtd,0.6666666666666666,0.5,0.5,0.8333333333333334,1.0,0.5,0.6666666666666666,0.6666666666666666,0.6666666666666666,0.6666666666666666
InnovateItaly,0.6666666666666666,0.5,0.6666666666666666,0.6666666666666666,0.5,0.5,0.6666666666666666,0.6666666666666666,0.5,0.5
Italiancrafting,0.6666666666666666,0.5,0.6666666666666666,0.8333333333333334,0.6666666666666666,0.5,0.6666666666666666,0.8333333333333334,0.5,0.6666666666666666
JESSK_09,0.5,0.5,0.5,0.5,0.5,0.5,0.5,0.6666666666666666,0.5,0.6666666666666666
JPGirl3,0.8333333333333334,0.5,0.8333333333333334,0.6666666666666666,0.5,0.5,0.8333333333333334,0.8333333333333334,0.8333333333333334,0.6666666666666666
JaapyR,0.3333333333333333,0.5,0.5,0.5,0.5,0.5,0.6666666666666666,0.5,0.6666666666666666,0.5
JaddenSmiith,0.8333333333333334,0.5,0.5,0.5,0.6666666666666666,0.6666666666666666,0.6666666666666666,0.5,0.6666666666666666,0.5
JairusBuckingh1,0.5,0.5,0.5,0.5,0.5,0.5,0.5,0.6666666666666666,0.5,0.6666666666666666
JayFelton11,0.5,0.5,0.5,0.5,0.5,0.5,0.5,0.5,0.5,0.5
JulsMRimas,0.5,0.5,0.5,0.5,0.5,0.5,0.6666666666666666,0.5,0.6666666666666666,0.5
KGosling1,0.5,0.5,0.5,0.5,0.5,0.5,0.5,0.3333333333333333,0.5,0.3333333333333333
Ka_del_Mar,0.6666666666666666,0.5,0.5,0.5,0.5,0.5,0.5,0.5,0.5,0.5
KarenMurky,0.16666666666666666,0.5,0.5,0.5,0.3333333333333333,0.5,0.5,0.5,0.5,0.5
KatiaStancato,0.8333333333333334,0.6666666666666666,0.6666666666666666,0.8333333333333334,0.6666666666666666,0.8333333333333334,0.8333333333333334,0.8333333333333334,0.6666666666666666,0.6666666666666666
Kavenerocaffe,0.3333333333333333,0.5,0.3333333333333333,0.3333333333333333,0.5,0.5,0.3333333333333333,0.3333333333333333,0.5,0.5
Keith_Lynn,0.6666666666666666,0.5,0.6666666666666666,0.5,0.5,0.5,0.6666666666666666,0.6666666666666666,0.6666666666666666,0.6666666666666666
KelvinkelkelKe1,0.5,0.5,0.6666666666666666,0.5,0.5,0.5,0.5,0.5,0.5,0.5
KenSanders_gfc,0.8333333333333334,0.5,0.6666666666666666,0.5,0.6666666666666666,0.5,0.5,0.6666666666666666,0.6666666666666666,0.6666666666666666
Kre8tiveWitch,0.6666666666666666,0.3333333333333333,0.5,0.5,0.5,0.3333333333333333,0.6666666666666666,0.6666666666666666,0.8333333333333334,0.6666666666666666
Kw29TV,0.5,0.5,0.5,0.5,0.5,0.6666666666666666,0.6666666666666666,0.5,0.6666666666666666,0.5
LUXENOLIMIT,0.5,0.5,0.5,0.5,0.3333333333333333,0.5,0.5,0.5,0.5,0.5
LadywoodKH,0.5,0.5,0.5,0.5,0.5,0.5,0.5,0.6666666666666666,0.5,0.6666666666666666
LandPforUNISA,0.5,0.5,0.5,0.5,0.5,0.5,0.5,0.5,0.5,0.5
LemonSqr,0.5,0.5,0.5,0.6666666666666666,0.6666666666666666,0.5,0.3333333333333333,0.5,0.3333333333333333,0.5
LexShaf,0.5,0.5,0.6666666666666666,0.5,0.5,0.5,0.5,0.5,0.6666666666666666,0.5
LiMayfun,0.5,0.5,0.3333333333333333,0.5,0.5,0.5,0.5,0.5,0.3333333333333333,0.5
Lina82333204,0.6666666666666666,0.5,0.8333333333333334,0.6666666666666666,0.5,0.5,0.6666666666666666,0.6666666666666666,0.6666666666666666,0.5
Lisa_f71,0.5,0.5,0.5,0.5,0.5,0.5,0.6666666666666666,0.5,0.6666666666666666,0.5
LoMangioSoloSeM,0.6666666666666666,0.5,0.6666666666666666,0.6666666666666666,0.5,0.5,0.6666666666666666,0.8333333333333334,0.5,0.6666666666666666
Lola_Beauty_22,0.5,0.5,0.5,0.5,0.5,0.5,0.6666666666666666,0.5,0.6666666666666666,0.5
LottieArtist,0.6666666666666666,0.5,0.5,0.5,0.5,0.5,0.5,0.5,0.5,0.5
Lowellymcc,0.5,0.5,0.5,0.5,0.5,0.5,0.5,0.5,0.5,0.5
Lsimmonds49,0.6666666666666666,0.5,0.6666666666666666,0.6666666666666666,0.6666666666666666,0.5,0.6666666666666666,0.5,0.6666666666666666,0.5
Luckamato,0.6666666666666666,0.5,0.6666666666666666,0.8333333333333334,0.6666666666666666,0.6666666666666666,0.6666666666666666,0.6666666666666666,0.5,0.5
LucyMcCulloch,0.5,0.5,0.6666666666666666,0.6666666666666666,0.6666666666666666,0.5,0.5,0.5,0.6666666666666666,0.5
MC_G83,0.3333333333333333,0.5,0.5,0.5,0.3333333333333333,0.5,0.5,0.5,0.3333333333333333,0.5
MEHphoto,0.6666666666666666,0.5,0.5,0.5,0.6666666666666666,0.5,0.5,0.5,0.5,0.5
MMyrick29,0.3333333333333333,0.5,0.5,0.6666666666666666,0.6666666666666666,0.5,0.5,0.6666666666666666,0.5,0.6666666666666666
MNVancouver,0.8333333333333334,0.5,0.6666666666666666,0.6666666666666666,0.5,0.5,0.6666666666666666,0.6666666666666666,0.5,0.5
MTDIXIT,0.5,0.5,0.3333333333333333,0.5,0.5,0.6666666666666666,0.6666666666666666,0.3333333333333333,0.6666666666666666,0.3333333333333333
MTMag,0.5,0.5,0.5,0.5,0.5,0.5,0.5,0.6666666666666666,0.5,0.6666666666666666
MadeinItaly_App,0.8333333333333334,0.5,0.8333333333333334,0.8333333333333334,0.8333333333333334,0.5,0.6666666666666666,1.0,0.6666666666666666,0.8333333333333334
MarcoLodola1,0.5,0.5,0.5,0.5,0.5,0.5,0.6666666666666666,0.5,0.6666666666666666,0.5
MariangelaBisco,0.8333333333333334,0.5,0.8333333333333334,0.8333333333333334,0.6666666666666666,0.5,0.8333333333333334,1.0,0.5,1.0
MarkPerozziello,1.0,0.8333333333333334,0.8333333333333334,0.6666666666666666,0.6666666666666666,0.8333333333333334,1.0,0.8333333333333334,0.8333333333333334,0.6666666666666666
Marty_G84,0.5,0.5,0.5,0.5,0.5,0.5,0.6666666666666666,0.5,0.6666666666666666,0.5
MaryAttento,0.8333333333333334,0.5,0.6666666666666666,0.6666666666666666,0.5,0.6666666666666666,0.6666666666666666,0.5,0.5,0.3333333333333333
Masudrana24689,0.5,0.5,0.5,0.5,0.5,0.5,0.5,0.6666666666666666,0.5,0.6666666666666666
MatrimonioCal,0.8333333333333334,0.5,0.5,0.8333333333333334,1.0,0.6666666666666666,0.6666666666666666,0.6666666666666666,0.6666666666666666,0.6666666666666666
MatteoVolpePai,0.8333333333333334,0.5,0.6666666666666666,0.6666666666666666,0.5,0.5,0.6666666666666666,0.6666666666666666,0.5,0.5
MattiaMuzzi,0.6666666666666666,0.5,0.6666666666666666,0.6666666666666666,0.5,0.5,0.6666666666666666,0.6666666666666666,0.5,0.5
MattyPln,0.8333333333333334,0.5,0.6666666666666666,0.5,0.3333333333333333,0.5,0.6666666666666666,0.6666666666666666,0.5,0.5
MaurizioMantel1,0.5,0.5,0.5,0.5,0.5,0.5,0.3333333333333333,0.5,0.3333333333333333,0.5
Melahdeedah,0.6666666666666666,0.5,0.6666666666666666,0.5,0.5,0.3333333333333333,0.5,0.5,0.6666666666666666,0.5
Melanielomax2,0.5,0.5,0.5,0.6666666666666666,0.6666666666666666,0.5,0.6666666666666666,0.6666666666666666,0.6666666666666666,0.6666666666666666
MeritaSocial,0.8333333333333334,0.6666666666666666,0.6666666666666666,0.6666666666666666,0.5,0.6666666666666666,0.6666666666666666,0.8333333333333334,0.5,0.6666666666666666
MichaelMWalter,0.5,0.5,0.5,0.5,0.5,0.5,0.5,0.5,0.5,0.5
MichelaIntrieri,0.5,0.5,0.5,0.6666666666666666,0.6666666666666666,0.5,0.5,0.5,0.5,0.5
MichellePlaiter,0.5,0.5,0.5,0.6666666666666666,0.6666666666666666,0.3333333333333333,0.6666666666666666,0.6666666666666666,0.6666666666666666,0.6666666666666666
MickSutcliffe,0.5,0.6666666666666666,0.5,0.6666666666666666,0.6666666666666666,0.6666666666666666,0.5,0.5,0.5,0.5
MickeyT_CPFC,0.5,0.5,0.5,0.5,0.5,0.6666666666666666,0.5,0.5,0.5,0.5
MikeySSanchez,0.5,0.8333333333333334,0.3333333333333333,0.5,0.5,0.8333333333333334,0.5,0.3333333333333333,0.3333333333333333,0.3333333333333333
MinaDiBari,0.3333333333333333,0.5,0.3333333333333333,0.6666666666666666,0.6666666666666666,0.5,0.5,0.6666666666666666,0.3333333333333333,0.6666666666666666
MonicaBulanday,0.5,0.5,0.6666666666666666,0.3333333333333333,0.3333333333333333,0.5,0.5,0.5,0.6666666666666666,0.5
MortenPeder,0.3333333333333333,0.5,0.3333333333333333,0.5,0.6666666666666666,0.3333333333333333,0.3333333333333333,0.3333333333333333,0.6666666666666666,0.5
MrJoeGooch,0.5,0.6666666666666666,0.5,0.5,0.5,0.6666666666666666,0.5,0.3333333333333333,0.5,0.3333333333333333
MrMalefix,0.8333333333333334,0.5,0.6666666666666666,0.8333333333333334,0.6666666666666666,0.5,0.8333333333333334,0.6666666666666666,0.6666666666666666,0.5
MrMikeyDealz,0.5,0.16666666666666666,0.5,0.3333333333333333,0.3333333333333333,0.16666666666666666,0.5,0.3333333333333333,0.5,0.3333333333333333
MrsBlossom3,0.5,0.5,0.5,0.5,0.5,0.5,0.5,0.6666666666666666,0.5,0.6666666666666666
MuseoArpaSalvi,0.6666666666666666,0.5,0.6666666666666666,0.8333333333333334,0.6666666666666666,0.5,0.8333333333333334,1.0,0.6666666666666666,0.8333333333333334
MyFriendPayne,0.5,0.5,0.5,0.5,0.5,0.5,0.5,0.3333333333333333,0.5,0.3333333333333333
NamasteDavide,0.5,0.5,0.5,0.5,0.5,0.5,0.5,0.3333333333333333,0.5,0.3333333333333333
Natalie1519911,0.6666666666666666,0.5,0.6666666666666666,0.5,0.5,0.5,0.6666666666666666,0.6666666666666666,0.8333333333333334,0.6666666666666666
NedBirley,0.5,0.5,0.5,0.5,0.5,0.5,0.5,0.5,0.5,0.5
NicolaBorio,0.5,0.5,0.5,0.5,0.5,0.5,0.5,0.5,0.5,0.5
NielsenIQ,0.8333333333333334,0.8333333333333334,0.6666666666666666,0.6666666666666666,0.8333333333333334,1.0,0.5,0.6666666666666666,0.6666666666666666,0.6666666666666666
NowthatsUgc,0.5,0.5,0.5,0.6666666666666666,0.6666666666666666,0.5,0.6666666666666666,0.5,0.6666666666666666,0.5
Oana1402,0.6666666666666666,0.5,0.6666666666666666,0.5,0.5,0.5,0.5,0.5,0.6666666666666666,0.5
OlwynPerrem,0.3333333333333333,0.5,0.5,0.5,0.5,0.5,0.5,0.5,0.5,0.5
OnpassiveToday,0.6666666666666666,0.6666666666666666,0.5,0.5,0.5,0.6666666666666666,0.6666666666666666,0.5,0.6666666666666666,0.5
OntheFritzHT,0.5,0.5,0.5,0.5,0.5,0.5,0.5,0.5,0.5,0.5
PLAApaulO03,0.5,0.5,0.5,0.5,0.5,0.5,0.5,0.6666666666666666,0.5,0.6666666666666666
PabloPriego1,0.5,0.5,0.5,0.5,0.5,0.5,0.5,0.5,0.5,0.5
Paul_Sass,0.5,0.5,0.6666666666666666,0.5,0.6666666666666666,0.5,0.5,0.6666666666666666,0.6666666666666666,0.6666666666666666
Pine76apple,0.5,0.5,0.5,0.5,0.5,0.6666666666666666,0.5,0.5,0.5,0.5
PostalMarket,0.8333333333333334,0.6666666666666666,0.5,0.6666666666666666,0.8333333333333334,0.8333333333333334,0.5,0.5,0.5,0.5
PrecisionProco,0.5,0.6666666666666666,0.6666666666666666,0.8333333333333334,0.8333333333333334,0.8333333333333334,0.6666666666666666,0.8333333333333334,0.8333333333333334,0.8333333333333334
ProgressiveGuru,0.5,0.6666666666666666,0.5,0.5,0.5,0.6666666666666666,0.5,0.5,0.5,0.5
ProjectGTShowYT,0.6666666666666666,0.5,0.5,0.5,0.5,0.5,0.5,0.5,0.5,0.5
RainbowNovellis,0.8333333333333334,0.6666666666666666,0.6666666666666666,0.5,0.6666666666666666,0.5,0.3333333333333333,0.6666666666666666,0.5,0.6666666666666666
RanieriAgency,0.8333333333333334,0.6666666666666666,0.6666666666666666,0.6666666666666666,0.8333333333333334,0.8333333333333334,0.6666666666666666,0.6666666666666666,0.8333333333333334,0.6666666666666666
RaymondSpillane,0.6666666666666666,0.5,0.5,0.5,0.5,0.5,0.5,0.5,0.5,0.5
RelianceTalent,0.6666666666666666,0.5,0.5,0.5,0.5,0.5,0.5,0.5,0.5,0.5
ReneMac36492567,0.5,0.5,0.5,0.5,0.5,0.5,0.5,0.5,0.5,0.5
Roberto37707234,0.6666666666666666,0.5,0.6666666666666666,0.6666666666666666,0.5,0.5,0.6666666666666666,0.6666666666666666,0.5,0.5
RobertsonHuston,0.5,0.5,0.5,0.5,0.5,0.5,0.5,0.5,0.5,0.5
RominaCiuffa,0.5,0.5,0.5,0.5,0.5,0.6666666666666666,0.6666666666666666,0.5,0.6666666666666666,0.5
Roshanshehab123,0.3333333333333333,0.5,0.5,0.5,0.5,0.5,0.5,0.5,0.5,0.5
Rx3GTRNismo2020,0.6666666666666666,0.5,0.5,0.5,0.5,0.5,0.6666666666666666,0.5,0.6666666666666666,0.5
SMOCSGcalabria,0.5,0.5,0.5,0.5,0.5,0.5,0.5,0.5,0.5,0.5
SabrinaWangGeng,0.5,0.5,0.5,0.5,0.5,0.5,0.6666666666666666,0.5,0.6666666666666666,0.5
SavinoSteph,0.6666666666666666,0.6666666666666666,0.6666666666666666,0.6666666666666666,0.8333333333333334,0.6666666666666666,0.3333333333333333,0.6666666666666666,0.5,0.6666666666666666
SavinoZaba,0.8333333333333334,0.5,0.6666666666666666,0.8333333333333334,0.6666666666666666,0.5,0.8333333333333334,0.6666666666666666,0.5,0.5
Scini79,0.5,0.5,0.5,0.5,0.5,0.5,0.5,0.6666666666666666,0.5,0.6666666666666666
Seaglass1Lise,0.5,0.5,0.5,0.5,0.5,0.5,0.5,0.5,0.5,0.5
SealaYour,0.5,0.5,0.6666666666666666,0.5,0.5,0.5,0.5,0.5,0.5,0.5
SelectedEyewear,0.5,0.5,0.5,0.8333333333333334,0.8333333333333334,0.5,0.5,0.5,0.5,0.5
SethGustafson7,0.6666666666666666,0.5,0.5,0.5,0.5,0.5,0.5,0.5,0.5,0.5
ShadowAries33,0.5,0.5,0.5,0.5,0.5,0.5,0.5,0.5,0.5,0.5
SheridanDesign,0.5,0.6666666666666666,0.6666666666666666,0.5,0.5,0.8333333333333334,0.5,0.3333333333333333,0.5,0.3333333333333333
SicilyEspresso,0.5,0.5,0.5,0.5,0.5,0.5,0.5,0.3333333333333333,0.5,0.3333333333333333
Simonlestrange1,0.5,0.5,0.5,0.5,0.5,0.5,0.5,0.6666666666666666,0.5,0.6666666666666666
SinhahRohan,0.5,0.5,0.5,0.5,0.5,0.5,0.6666666666666666,0.5,0.6666666666666666,0.5
SizzleBean,0.5,0.5,0.5,0.5,0.5,0.5,0.5,0.5,0.5,0.5
SmartCookTech,0.5,0.5,0.5,0.5,0.5,0.5,0.5,0.5,0.5,0.5
SmithStores,0.5,0.5,0.5,0.5,0.5,0.5,0.5,0.5,0.5,0.5
SoluzMuseali,0.8333333333333334,0.5,0.6666666666666666,0.6666666666666666,0.6666666666666666,0.5,0.6666666666666666,1.0,0.5,0.8333333333333334
Souther50724034,0.6666666666666666,0.5,0.6666666666666666,0.3333333333333333,0.3333333333333333,0.5,0.5,0.5,0.6666666666666666,0.5
Square76,0.6666666666666666,0.6666666666666666,0.5,0.5,0.5,0.6666666666666666,0.5,0.5,0.5,0.5
StaropoliGiusy,0.6666666666666666,0.5,0.5,0.5,0.5,0.5,0.6666666666666666,0.6666666666666666,0.5,0.5
StasiFlavio,0.8333333333333334,0.5,0.6666666666666666,0.6666666666666666,0.6666666666666666,0.6666666666666666,0.5,0.6666666666666666,0.3333333333333333,0.5
StephanieMBond,0.5,0.5,0.6666666666666666,0.5,0.5,0.5,0.5,0.5,0.5,0.5
StieglerCenter,0.6666666666666666,0.5,0.5,0.5,0.5,0.5,0.5,0.5,0.5,0.5
TGinPhilly,0.6666666666666666,0.5,0.3333333333333333,0.5,0.6666666666666666,0.5,0.5,0.3333333333333333,0.3333333333333333,0.3333333333333333
TGparkrun,0.6666666666666666,0.5,0.6666666666666666,1.0,0.8333333333333334,0.5,0.6666666666666666,0.6666666666666666,0.5,0.5
Teamreti_Italia,0.5,0.6666666666666666,0.5,0.3333333333333333,0.3333333333333333,0.6666666666666666,0.5,0.5,0.5,0.5
TecnosidaMkt,0.5,0.6666666666666666,0.8333333333333334,0.6666666666666666,0.5,0.6666666666666666,0.5,0.6666666666666666,0.3333333333333333,0.5
TheBonnyLad,0.5,0.5,0.5,0.5,0.5,0.5,0.5,0.6666666666666666,0.5,0.6666666666666666
TheChilipepperL,0.6666666666666666,0.5,0.8333333333333334,0.8333333333333334,0.6666666666666666,0.5,0.8333333333333334,0.6666666666666666,0.8333333333333334,0.5
TheCorbino,0.3333333333333333,0.6666666666666666,0.5,0.5,0.3333333333333333,0.8333333333333334,0.5,0.5,0.5,0.5
TheGrocer,0.3333333333333333,0.6666666666666666,0.5,0.3333333333333333,0.5,0.8333333333333334,0.5,0.5,0.6666666666666666,0.6666666666666666
Tino76347897,0.3333333333333333,0.3333333333333333,0.5,0.5,0.5,0.3333333333333333,0.3333333333333333,0.3333333333333333,0.3333333333333333,0.3333333333333333
TomasSisyphos,0.3333333333333333,0.5,0.5,0.5,0.5,0.5,0.3333333333333333,0.3333333333333333,0.3333333333333333,0.3333333333333333
TonyJGilbert,0.6666666666666666,0.6666666666666666,0.6666666666666666,0.5,0.3333333333333333,0.6666666666666666,0.8333333333333334,0.8333333333333334,0.6666666666666666,0.6666666666666666
TonysChocoUK_IE,0.6666666666666666,0.5,0.5,0.8333333333333334,0.8333333333333334,0.5,0.6666666666666666,0.5,0.6666666666666666,0.5
TotoSciascia,0.6666666666666666,0.5,0.6666666666666666,0.6666666666666666,0.5,0.5,0.6666666666666666,0.6666666666666666,0.5,0.5
Travelooney,0.6666666666666666,0.5,0.6666666666666666,0.6666666666666666,0.8333333333333334,0.5,0.6666666666666666,0.5,0.8333333333333334,0.5
Turkish_Pt2,0.5,0.5,0.5,0.3333333333333333,0.3333333333333333,0.5,0.3333333333333333,0.3333333333333333,0.3333333333333333,0.3333333333333333
UGCNuke,0.5,0.5,0.6666666666666666,0.8333333333333334,0.8333333333333334,0.5,0.5,0.6666666666666666,0.5,0.6666666666666666
UgcNeiyer,0.5,0.5,0.5,0.5,0.5,0.5,0.5,0.6666666666666666,0.5,0.6666666666666666
UmmeSum02711441,0.5,0.5,0.5,0.6666666666666666,0.6666666666666666,0.5,0.5,0.5,0.5,0.5
UnintUniversita,0.8333333333333334,0.5,0.5,0.6666666666666666,0.8333333333333334,0.6666666666666666,0.6666666666666666,0.5,0.6666666666666666,0.5
Victor_Ngalava,0.5,0.5,0.5,0.5,0.5,0.5,0.5,0.6666666666666666,0.5,0.6666666666666666
WOLFLegacy21,0.5,0.6666666666666666,0.5,0.5,0.5,0.6666666666666666,0.5,0.5,0.5,0.5
WallnutsPauli,0.5,0.5,0.5,0.5,0.5,0.5,0.5,0.5,0.5,0.5
Workbooks,0.8333333333333334,0.6666666666666666,0.5,0.5,0.6666666666666666,0.6666666666666666,0.6666666666666666,0.6666666666666666,0.6666666666666666,0.6666666666666666
XyronOmega,0.5,0.5,0.5,0.5,0.5,0.6666666666666666,0.5,0.5,0.5,0.5
YleniaNea,0.5,0.6666666666666666,0.3333333333333333,0.5,0.6666666666666666,0.8333333333333334,0.5,0.6666666666666666,0.6666666666666666,0.8333333333333334
YoCrypto_shop,0.5,0.6666666666666666,0.5,0.5,0.5,0.6666666666666666,0.5,0.5,0.5,0.5
Zokir90808421,0.5,0.5,0.5,0.5,0.5,0.5,0.5,0.5,0.5,0.5
_G_L_B,0.6666666666666666,0.5,0.5,0.5,0.5,0.5,0.6666666666666666,0.5,0.6666666666666666,0.5
_Juniordre,0.5,0.5,0.3333333333333333,0.3333333333333333,0.5,0.5,0.3333333333333333,0.3333333333333333,0.5,0.5
_Lexworth_,0.5,0.5,0.6666666666666666,0.6666666666666666,0.6666666666666666,0.5,0.6666666666666666,0.6666666666666666,0.8333333333333334,0.6666666666666666
_Mr_Prestige,0.6666666666666666,0.5,0.5,0.5,0.6666666666666666,0.5,0.5,0.5,0.5,0.5
abstracted_11,0.5,0.5,0.5,0.6666666666666666,0.6666666666666666,0.5,0.6666666666666666,0.5,0.6666666666666666,0.5
acetokyojp,0.5,0.5,0.5,0.5,0.5,0.3333333333333333,0.5,0.5,0.5,0.5
actorpiyush16,0.5,0.5,0.5,0.6666666666666666,0.6666666666666666,0.5,0.6666666666666666,0.5,0.6666666666666666,0.5
afismayiloff,0.5,0.5,0.5,0.5,0.5,0.5,0.5,0.5,0.5,0.5
agalleryartists,0.5,0.5,0.5,0.5,0.5,0.6666666666666666,0.5,0.5,0.5,0.5
agg_attila,0.5,0.5,0.5,0.5,0.5,0.5,0.5,0.5,0.5,0.5
agn_bai,0.5,0.3333333333333333,0.6666666666666666,0.5,0.5,0.3333333333333333,0.8333333333333334,0.5,0.6666666666666666,0.5
akshay_studd,0.8333333333333334,0.6666666666666666,0.5,0.5,0.6666666666666666,0.6666666666666666,0.6666666666666666,0.6666666666666666,0.6666666666666666,0.6666666666666666
alexmik28014658,0.5,0.5,0.5,0.5,0.5,0.5,0.5,0.5,0.5,0.5
amarosilano1864,0.3333333333333333,0.5,0.3333333333333333,0.3333333333333333,0.5,0.5,0.16666666666666666,0.3333333333333333,0.3333333333333333,0.5
ander23952,0.5,0.5,0.5,0.5,0.5,0.5,0.5,0.5,0.5,0.5
andrewwinsley,0.6666666666666666,0.5,0.5,0.5,0.5,0.5,0.5,0.5,0.5,0.5
annalolanardi,0.6666666666666666,0.6666666666666666,0.5,0.3333333333333333,0.3333333333333333,0.6666666666666666,0.5,0.8333333333333334,0.5,0.8333333333333334
annehart63,0.5,0.5,0.6666666666666666,0.5,0.5,0.5,0.3333333333333333,0.5,0.5,0.5
anpasquali,0.6666666666666666,0.5,0.5,0.5,0.5,0.5,0.5,0.6666666666666666,0.5,0.6666666666666666
ant_russolillo,0.3333333333333333,0.5,0.3333333333333333,0.3333333333333333,0.5,0.6666666666666666,0.16666666666666666,0.3333333333333333,0.3333333333333333,0.5
antoniettacatan,0.5,0.5,0.5,0.5,0.5,0.5,0.5,0.5,0.5,0.5
archfo,0.5,0.5,0.5,0.5,0.5,0.5,0.5,0.5,0.5,0.5
ardrares99,0.6666666666666666,0.5,0.6666666666666666,0.6666666666666666,0.8333333333333334,0.5,0.5,0.5,0.6666666666666666,0.5
asashunch,0.6666666666666666,0.5,0.5,0.5,0.5,0.5,0.5,0.5,0.5,0.5
askin_canipek,0.5,0.5,0.5,0.5,0.5,0.5,0.6666666666666666,0.5,0.6666666666666666,0.5
auto_sherpa,0.6666666666666666,0.5,0.5,0.5,0.5,0.5,0.5,0.5,0.5,0.5
avekason,0.3333333333333333,0.5,0.5,0.5,0.3333333333333333,0.5,0.6666666666666666,0.6666666666666666,0.6666666666666666,0.6666666666666666
ayaa_content,0.6666666666666666,0.5,0.5,0.5,0.5,0.5,0.5,0.5,0.5,0.5
bakirrjigoloo,0.5,0.5,0.5,0.5,0.5,0.5,0.5,0.5,0.5,0.5
bamatennis,0.5,0.5,0.5,0.6666666666666666,0.6666666666666666,0.6666666666666666,0.8333333333333334,0.6666666666666666,0.6666666666666666,0.6666666666666666
batterandbeyond,0.5,0.3333333333333333,0.5,0.5,0.5,0.3333333333333333,0.5,0.6666666666666666,0.5,0.6666666666666666
bazdmgz,0.6666666666666666,0.5,0.5,0.5,0.5,0.5,0.5,0.6666666666666666,0.5,0.6666666666666666
bidzz,0.5,0.5,0.5,0.5,0.5,0.5,0.5,0.5,0.5,0.5
bikesandcookies,0.3333333333333333,0.5,0.5,0.5,0.5,0.5,0.5,0.6666666666666666,0.5,0.6666666666666666
bjwcoles,0.5,0.5,0.5,0.5,0.5,0.5,0.5,0.5,0.5,0.5
blovesbagels,0.5,0.5,0.5,0.6666666666666666,0.5,0.5,0.6666666666666666,0.8333333333333334,0.6666666666666666,0.8333333333333334
bororingo,0.3333333333333333,0.5,0.5,0.5,0.5,0.5,0.5,0.5,0.5,0.5
cakeandbakesuk,0.6666666666666666,0.5,0.5,0.6666666666666666,0.6666666666666666,0.5,0.6666666666666666,0.8333333333333334,0.6666666666666666,0.8333333333333334
calabriaonline,0.8333333333333334,0.5,0.8333333333333334,0.5,0.6666666666666666,0.5,0.6666666666666666,0.6666666666666666,0.8333333333333334,0.6666666666666666
cardagh,0.6666666666666666,0.6666666666666666,0.5,0.3333333333333333,0.3333333333333333,0.6666666666666666,0.6666666666666666,0.6666666666666666,0.6666666666666666,0.6666666666666666
carlnorwich,0.3333333333333333,0.5,0.5,0.5,0.3333333333333333,0.5,0.3333333333333333,0.3333333333333333,0.3333333333333333,0.3333333333333333
cat_woods,0.5,0.5,0.5,0.5,0.5,0.5,0.5,0.5,0.5,0.5
cathys78465636,0.6666666666666666,0.6666666666666666,0.5,0.5,0.5,0.6666666666666666,0.6666666666666666,0.5,0.6666666666666666,0.5
chefpwaring,0.6666666666666666,0.5,0.6666666666666666,0.6666666666666666,0.6666666666666666,0.5,0.3333333333333333,0.5,0.6666666666666666,0.5
chelseasocially,0.5,0.6666666666666666,0.5,0.5,0.5,0.6666666666666666,0.5,0.5,0.5,0.5
chinnutrvd,0.5,0.5,0.5,0.5,0.5,0.5,0.5,0.5,0.5,0.5
clausbach,0.8333333333333334,0.6666666666666666,0.6666666666666666,0.8333333333333334,0.6666666666666666,0.6666666666666666,1.0,0.6666666666666666,0.6666666666666666,0.5
colsokira,0.5,0.5,0.5,0.5,0.5,0.5,0.6666666666666666,0.5,0.6666666666666666,0.5
crafty_octopus,0.5,0.5,0.5,0.5,0.5,0.5,0.5,0.6666666666666666,0.5,0.6666666666666666
curvygirlvlogs,0.5,0.5,0.6666666666666666,0.5,0.5,0.5,0.5,0.5,0.6666666666666666,0.5
cutelilpuppytv,0.6666666666666666,0.6666666666666666,1.0,0.8333333333333334,0.8333333333333334,0.6666666666666666,1.0,0.8333333333333334,0.8333333333333334,0.6666666666666666
cynthiamoreau07,0.5,0.5,0.5,0.5,0.5,0.5,0.5,0.5,0.5,0.5
daffymjb,0.5,0.5,0.5,0.5,0.5,0.5,0.5,0.6666666666666666,0.5,0.6666666666666666
david_tipping,0.5,0.5,0.3333333333333333,0.5,0.5,0.5,0.5,0.5,0.3333333333333333,0.5
dogloverilford,0.5,0.5,0.5,0.5,0.5,0.5,0.5,0.5,0.5,0.5
domasibarita,0.5,0.5,0.5,0.5,0.5,0.5,0.5,0.5,0.5,0.5
donnamarie2607,0.6666666666666666,0.6666666666666666,0.6666666666666666,0.5,0.6666666666666666,0.6666666666666666,0.6666666666666666,0.6666666666666666,0.8333333333333334,0.6666666666666666
dontemcclellon,0.5,0.5,0.3333333333333333,0.5,0.5,0.5,0.3333333333333333,0.5,0.3333333333333333,0.5
dsp643,0.5,0.6666666666666666,0.5,0.8333333333333334,0.8333333333333334,0.8333333333333334,0.6666666666666666,0.6666666666666666,0.6666666666666666,0.6666666666666666
eghj4,0.8333333333333334,0.5,0.8333333333333334,0.6666666666666666,0.5,0.5,0.8333333333333334,0.8333333333333334,0.8333333333333334,0.6666666666666666
eijaz_walid,0.5,0.5,0.5,0.5,0.5,0.5,0.5,0.5,0.5,0.5
elizmase,0.16666666666666666,0.5,0.8333333333333334,0.6666666666666666,0.5,0.3333333333333333,0.6666666666666666,0.5,0.8333333333333334,0.5
emazzies,0.5,0.5,0.5,0.5,0.5,0.6666666666666666,0.5,0.5,0.5,0.5
emmadanks,0.6666666666666666,0.5,0.5,0.5,0.6666666666666666,0.5,0.5,0.6666666666666666,0.5,0.6666666666666666
emmajvincent,0.5,0.5,0.5,0.5,0.5,0.5,0.5,0.5,0.5,0.5
emsky2121,0.5,0.5,0.5,0.3333333333333333,0.3333333333333333,0.5,0.5,0.8333333333333334,0.5,0.8333333333333334
erikapolitano,0.5,0.5,0.5,0.5,0.5,0.5,0.5,0.5,0.5,0.5
espressofied,1.0,0.5,1.0,0.6666666666666666,0.6666666666666666,0.6666666666666666,0.8333333333333334,0.8333333333333334,0.8333333333333334,0.6666666666666666
evancortessis,0.6666666666666666,0.5,0.5,0.5,0.6666666666666666,0.5,0.5,0.5,0.5,0.5
expo_ev,0.8333333333333334,0.6666666666666666,0.6666666666666666,0.5,0.6666666666666666,0.6666666666666666,0.6666666666666666,0.6666666666666666,0.6666666666666666,0.6666666666666666
figlioderoma,0.6666666666666666,0.5,0.5,0.3333333333333333,0.3333333333333333,0.6666666666666666,0.6666666666666666,0.3333333333333333,0.6666666666666666,0.3333333333333333
fondpirelli,1.0,0.6666666666666666,0.6666666666666666,0.8333333333333334,0.8333333333333334,0.6666666666666666,0.8333333333333334,0.8333333333333334,0.6666666666666666,0.6666666666666666
gas_pollino,1.0,0.5,0.6666666666666666,0.6666666666666666,0.6666666666666666,0.6666666666666666,0.8333333333333334,0.8333333333333334,0.6666666666666666,0.6666666666666666
geeb88,0.8333333333333334,0.5,0.5,0.6666666666666666,0.8333333333333334,0.3333333333333333,0.6666666666666666,0.5,0.6666666666666666,0.5
giiuullyy,0.5,0.5,0.5,0.5,0.5,0.5,0.3333333333333333,0.5,0.3333333333333333,0.5
gillianyork5,0.5,0.5,0.5,0.3333333333333333,0.3333333333333333,0.5,0.5,0.5,0.5,0.5
giocoso5631,0.5,0.5,0.5,0.5,0.5,0.5,0.5,0.5,0.5,0.5
gloryscotti,0.5,0.5,0.5,0.5,0.5,0.5,0.5,0.5,0.5,0.5
gsparise,0.5,0.5,0.5,0.5,0.5,0.5,0.5,0.5,0.5,0.5
gungfuwavehog,0.5,0.5,0.6666666666666666,0.5,0.5,0.5,0.5,0.5,0.6666666666666666,0.5
harlanlandes,0.5,0.5,0.5,0.6666666666666666,0.6666666666666666,0.6666666666666666,0.6666666666666666,0.5,0.6666666666666666,0.5
hasanaytekin,0.5,0.8333333333333334,0.16666666666666666,0.6666666666666666,0.8333333333333334,0.8333333333333334,0.5,0.5,0.6666666666666666,0.6666666666666666
hawkeyephil87,0.5,0.5,0.5,0.5,0.5,0.5,0.5,0.5,0.5,0.5
hbojunkie,0.5,0.5,0.5,0.5,0.5,0.5,0.5,0.6666666666666666,0.5,0.6666666666666666
heidilouwood,0.5,0.3333333333333333,0.6666666666666666,0.5,0.5,0.5,0.6666666666666666,0.6666666666666666,0.6666666666666666,0.6666666666666666
hiilog,0.5,0.5,0.5,0.5,0.5,0.5,0.5,0.5,0.5,0.5
hiphopfanatic89,0.5,0.5,0.5,0.5,0.5,0.5,0.6666666666666666,0.5,0.6666666666666666,0.5
hlgmjs,0.5,0.5,0.5,0.5,0.5,0.5,0.6666666666666666,0.5,0.6666666666666666,0.5
holy5diver,0.5,0.5,0.5,0.5,0.5,0.5,0.5,0.3333333333333333,0.5,0.3333333333333333
hoosbobby,0.5,0.5,0.5,0.5,0.5,0.5,0.5,0.5,0.5,0.5
ibrahim01322,0.5,0.6666666666666666,0.5,0.5,0.5,0.6666666666666666,0.5,0.5,0.5,0.5
icom_italia,0.6666666666666666,0.6666666666666666,0.6666666666666666,0.6666666666666666,0.5,0.6666666666666666,0.8333333333333334,0.6666666666666666,0.6666666666666666,0.5
idxfossil,0.5,0.5,0.5,0.6666666666666666,0.6666666666666666,0.5,0.5,0.6666666666666666,0.5,0.6666666666666666
ilprepmedia,0.5,0.5,0.5,0.5,0.5,0.5,0.6666666666666666,0.5,0.6666666666666666,0.5
imnotbitterbut,0.6666666666666666,0.5,0.6666666666666666,0.8333333333333334,0.6666666666666666,0.3333333333333333,0.6666666666666666,1.0,0.6666666666666666,0.8333333333333334
innoson_west,0.5,0.5,0.5,0.5,0.5,0.5,0.5,0.5,0.5,0.5
ivanavolio,0.5,0.5,0.5,0.5,0.5,0.5,0.5,0.5,0.5,0.5
jakeysiong,0.5,0.5,0.5,0.5,0.5,0.5,0.5,0.5,0.5,0.5
jcrawf74,0.5,0.5,0.5,0.6666666666666666,0.6666666666666666,0.5,0.6666666666666666,0.6666666666666666,0.6666666666666666,0.6666666666666666
jes3597,0.5,0.6666666666666666,0.5,0.5,0.5,0.8333333333333334,0.6666666666666666,0.5,0.6666666666666666,0.5
jirka_22_,0.6666666666666666,0.5,0.6666666666666666,0.8333333333333334,0.6666666666666666,0.5,0.6666666666666666,0.6666666666666666,0.5,0.5
jmacdaddy77,0.6666666666666666,0.5,0.5,0.5,0.6666666666666666,0.5,0.6666666666666666,0.6666666666666666,0.6666666666666666,0.6666666666666666
joannemartin51,0.5,0.6666666666666666,0.5,0.6666666666666666,0.6666666666666666,0.6666666666666666,0.6666666666666666,0.3333333333333333,0.6666666666666666,0.3333333333333333
joelcontegen,0.5,0.6666666666666666,0.6666666666666666,0.5,0.5,0.6666666666666666,0.5,0.5,0.5,0.5
johngle82,0.5,0.5,0.5,0.5,0.5,0.6666666666666666,0.5,0.6666666666666666,0.5,0.6666666666666666
joseser49285003,0.8333333333333334,0.6666666666666666,0.5,0.8333333333333334,1.0,0.6666666666666666,0.6666666666666666,0.6666666666666666,0.6666666666666666,0.6666666666666666
julietatrvs,0.5,0.5,0.5,0.6666666666666666,0.6666666666666666,0.5,0.5,0.5,0.5,0.5
justhaina,0.6666666666666666,0.5,0.5,0.5,0.6666666666666666,0.5,0.5,0.5,0.5,0.5
kaffeezentrale,1.0,0.5,1.0,0.8333333333333334,0.8333333333333334,0.6666666666666666,0.8333333333333334,0.8333333333333334,0.8333333333333334,0.8333333333333334
kalabrolio,0.6666666666666666,0.5,0.6666666666666666,0.6666666666666666,0.5,0.5,0.6666666666666666,0.6666666666666666,0.5,0.5
katatumuri8484,0.5,0.5,0.5,0.5,0.5,0.5,0.5,0.5,0.5,0.5
kb_philz,0.5,0.5,0.6666666666666666,0.5,0.5,0.5,0.5,0.5,0.5,0.5
l___391,0.5,0.5,0.5,0.5,0.5,0.5,0.5,0.5,0.5,0.5
lamentapiperit,0.6666666666666666,0.6666666666666666,0.6666666666666666,0.6666666666666666,0.8333333333333334,0.6666666666666666,0.6666666666666666,0.8333333333333334,0.6666666666666666,0.8333333333333334
laurajbarnett,0.6666666666666666,0.5,0.5,0.5,0.5,0.6666666666666666,0.5,0.6666666666666666,0.5,0.6666666666666666
leefaulkner1,0.5,0.5,0.5,0.5,0.5,0.5,0.5,0.6666666666666666,0.5,0.6666666666666666
legxndares,0.5,0.5,0.5,0.5,0.5,0.5,0.5,0.5,0.5,0.5
lemonyellis,0.5,0.6666666666666666,0.5,0.3333333333333333,0.3333333333333333,0.6666666666666666,0.6666666666666666,0.5,0.6666666666666666,0.5
leviedellaperla,1.0,0.6666666666666666,0.8333333333333334,0.6666666666666666,0.6666666666666666,0.6666666666666666,1.0,0.8333333333333334,0.6666666666666666,0.6666666666666666
liquoriceheaven,0.6666666666666666,0.5,0.5,0.5,0.5,0.3333333333333333,0.5,0.6666666666666666,0.5,0.8333333333333334
lisaheleneb,0.5,0.5,0.3333333333333333,0.5,0.5,0.5,0.5,0.5,0.3333333333333333,0.5
lndotlt,0.5,0.5,0.5,0.5,0.5,0.5,0.6666666666666666,0.5,0.6666666666666666,0.5
lonely_wolfgh,0.6666666666666666,0.5,0.5,0.5,0.5,0.5,0.5,0.3333333333333333,0.5,0.3333333333333333
lucaborghini,0.5,0.5,0.5,0.5,0.5,0.5,0.6666666666666666,0.5,0.5,0.5
luismhuesca,0.5,0.5,0.5,0.3333333333333333,0.3333333333333333,0.5,0.3333333333333333,0.6666666666666666,0.3333333333333333,0.6666666666666666
lunacybrewery,0.5,0.5,0.5,0.5,0.5,0.5,0.5,0.5,0.5,0.5
luxurytravel,0.8333333333333334,0.5,0.6666666666666666,0.6666666666666666,0.5,0.5,0.6666666666666666,0.6666666666666666,0.5,0.5
m_collins78,0.5,0.3333333333333333,0.5,0.3333333333333333,0.6666666666666666,0.3333333333333333,0.3333333333333333,0.5,0.3333333333333333,0.6666666666666666
mark_mark1media,0.5,0.5,0.5,0.6666666666666666,0.8333333333333334,0.3333333333333333,0.5,0.6666666666666666,0.5,0.6666666666666666
mattausham,0.5,0.5,0.5,0.5,0.5,0.5,0.5,0.5,0.5,0.5
matthewjmattera,0.5,0.5,0.3333333333333333,0.6666666666666666,0.6666666666666666,0.5,0.5,0.6666666666666666,0.3333333333333333,0.6666666666666666
mattsingley,0.6666666666666666,0.5,0.5,0.5,0.6666666666666666,0.6666666666666666,0.6666666666666666,0.8333333333333334,0.6666666666666666,0.8333333333333334
megnaste,0.3333333333333333,0.5,0.3333333333333333,0.3333333333333333,0.5,0.5,0.3333333333333333,0.5,0.5,0.6666666666666666
michelotta,0.3333333333333333,0.3333333333333333,0.5,0.5,0.5,0.5,0.5,0.5,0.5,0.5
mikemey08905551,0.5,0.5,0.5,0.5,0.5,0.5,0.5,0.5,0.5,0.5
mirandamumof3,0.5,0.5,0.5,0.6666666666666666,0.6666666666666666,0.5,0.5,0.5,0.5,0.5
misaeop,0.5,0.5,0.5,0.5,0.5,0.5,0.5,0.5,0.5,0.5
missgabiz,0.5,0.5,0.5,0.6666666666666666,0.6666666666666666,0.5,0.3333333333333333,0.3333333333333333,0.5,0.3333333333333333
missitaliacal,0.16666666666666666,0.5,0.3333333333333333,0.16666666666666666,0.3333333333333333,0.5,0.3333333333333333,0.3333333333333333,0.5,0.5
mjadams16,0.5,0.5,0.6666666666666666,0.5,0.5,0.5,0.5,0.5,0.6666666666666666,0.5
molly1752,0.5,0.5,0.6666666666666666,0.6666666666666666,0.6666666666666666,0.5,0.6666666666666666,0.8333333333333334,0.8333333333333334,0.8333333333333334
mollyrperk,0.5,0.6666666666666666,0.6666666666666666,0.6666666666666666,0.6666666666666666,0.8333333333333334,0.5,0.6666666666666666,0.5,0.6666666666666666
my446789,0.5,0.5,0.5,0.5,0.5,0.5,0.5,0.5,0.5,0.5
nadiajsegl,0.3333333333333333,0.5,0.6666666666666666,0.6666666666666666,0.6666666666666666,0.5,0.5,0.6666666666666666,0.5,0.6666666666666666
natalemazzuca,0.5,0.5,0.5,0.5,0.5,0.5,0.5,0.5,0.5,0.5
nicragonneau,0.5,0.5,0.5,0.5,0.5,0.5,0.5,0.5,0.5,0.5
nicwerks,0.5,0.5,0.5,0.5,0.5,0.5,0.5,0.5,0.5,0.5
nut_nose,0.6666666666666666,0.5,0.6666666666666666,0.6666666666666666,0.5,0.5,0.6666666666666666,0.6666666666666666,0.5,0.5
oneoneswim,0.8333333333333334,0.5,0.6666666666666666,0.6666666666666666,0.6666666666666666,0.5,0.6666666666666666,0.8333333333333334,0.5,0.6666666666666666
oropesa,0.5,0.5,0.5,0.5,0.5,0.5,0.3333333333333333,0.5,0.3333333333333333,0.5
peppevoltarelli,0.5,0.5,0.5,0.6666666666666666,0.6666666666666666,0.5,0.5,0.5,0.5,0.5
picardsteacup,0.5,0.16666666666666666,0.16666666666666666,0.3333333333333333,0.5,0.16666666666666666,0.3333333333333333,0.5,0.5,0.6666666666666666
picturepeeps,0.5,0.5,0.5,0.5,0.5,0.5,0.6666666666666666,0.5,0.6666666666666666,0.5
piermas,0.5,0.5,0.5,0.5,0.5,0.5,0.5,0.3333333333333333,0.5,0.3333333333333333
pierocurcio,0.3333333333333333,0.5,0.5,0.5,0.5,0.5,0.5,0.3333333333333333,0.5,0.3333333333333333
pietrorobertoCS,0.5,0.5,0.5,0.5,0.5,0.5,0.5,0.5,0.5,0.5
plathfan78,0.6666666666666666,0.6666666666666666,0.6666666666666666,0.5,0.5,0.6666666666666666,0.6666666666666666,0.6666666666666666,1.0,0.6666666666666666
pradhangyan,0.6666666666666666,0.5,0.5,0.6666666666666666,0.8333333333333334,0.5,0.6666666666666666,0.6666666666666666,0.6666666666666666,0.6666666666666666
prettyjuls,0.5,0.5,0.6666666666666666,0.8333333333333334,0.8333333333333334,0.5,0.8333333333333334,0.5,0.8333333333333334,0.5
realfarmerjay,0.5,0.5,0.5,0.6666666666666666,0.6666666666666666,0.5,0.5,0.6666666666666666,0.5,0.6666666666666666
rjjrdjjd3,0.6666666666666666,0.6666666666666666,0.5,0.5,0.6666666666666666,0.6666666666666666,0.3333333333333333,0.5,0.3333333333333333,0.5
rjoconnell1976,0.5,0.5,0.5,0.6666666666666666,0.6666666666666666,0.5,0.5,0.6666666666666666,0.5,0.6666666666666666
rmsothebys,0.6666666666666666,0.5,0.5,0.8333333333333334,1.0,0.5,0.5,0.5,0.5,0.5
robetchu,0.5,0.6666666666666666,0.5,0.6666666666666666,0.6666666666666666,0.5,0.3333333333333333,0.3333333333333333,0.5,0.3333333333333333
rome_museum,0.5,0.5,0.5,0.5,0.5,0.5,0.5,0.5,0.5,0.5
root_az,0.5,0.5,0.5,0.5,0.5,0.5,0.5,0.5,0.5,0.5
rosseaglesham,0.5,0.5,0.6666666666666666,0.5,0.5,0.5,0.6666666666666666,0.5,0.8333333333333334,0.5
rotary2102,0.3333333333333333,0.5,0.5,0.5,0.5,0.5,0.5,0.5,0.5,0.5
rubik_tweets,0.5,0.3333333333333333,0.5,0.5,0.5,0.3333333333333333,0.5,0.5,0.5,0.5
rudirob,0.8333333333333334,0.3333333333333333,0.5,0.6666666666666666,0.8333333333333334,0.3333333333333333,0.6666666666666666,0.6666666666666666,0.6666666666666666,0.6666666666666666
sahinkhanbhola,0.6666666666666666,0.5,0.5,0.5,0.5,0.5,0.5,0.6666666666666666,0.5,0.6666666666666666
sajjadm24811749,0.5,0.5,0.8333333333333334,0.5,0.5,0.6666666666666666,0.5,0.5,0.6666666666666666,0.5
samitakesphotos,0.3333333333333333,0.5,0.5,0.5,0.5,0.5,0.5,0.5,0.5,0.5
satyapol,0.5,0.5,0.5,0.5,0.5,0.5,0.5,0.5,0.5,0.5
saverio825,0.5,0.6666666666666666,0.6666666666666666,1.0,0.6666666666666666,0.5,0.8333333333333334,0.6666666666666666,0.6666666666666666,0.5
sazmi,0.5,0.6666666666666666,0.5,0.6666666666666666,0.6666666666666666,0.6666666666666666,0.6666666666666666,0.3333333333333333,0.6666666666666666,0.3333333333333333
scottneedham33,0.5,0.5,0.6666666666666666,0.6666666666666666,0.6666666666666666,0.5,0.5,0.3333333333333333,0.5,0.3333333333333333
scttkndr,0.5,0.5,0.5,0.5,0.5,0.5,0.5,0.5,0.5,0.5
sebastiansanch_,0.5,0.5,0.8333333333333334,0.3333333333333333,0.3333333333333333,0.5,0.5,0.5,0.6666666666666666,0.5
sedapackaging,0.5,0.5,0.3333333333333333,0.3333333333333333,0.6666666666666666,0.5,0.3333333333333333,0.3333333333333333,0.5,0.5
shnozzsauges1,0.6666666666666666,0.3333333333333333,0.6666666666666666,0.6666666666666666,0.6666666666666666,0.5,0.6666666666666666,0.6666666666666666,0.8333333333333334,0.6666666666666666
smithywannabe,0.6666666666666666,0.5,0.6666666666666666,0.8333333333333334,0.8333333333333334,0.5,0.8333333333333334,0.6666666666666666,0.6666666666666666,0.8333333333333334
socialsbykate,0.5,0.5,0.5,0.5,0.5,0.5,0.6666666666666666,0.5,0.6666666666666666,0.5
solalexasch,0.5,0.5,0.6666666666666666,0.5,0.5,0.5,0.5,0.8333333333333334,0.6666666666666666,0.8333333333333334
spotpromoitaly,0.6666666666666666,0.5,0.6666666666666666,0.6666666666666666,0.5,0.5,0.6666666666666666,0.6666666666666666,0.5,0.5
stacey_hill99,0.5,0.5,0.5,0.6666666666666666,0.6666666666666666,0.5,0.5,0.5,0.5,0.5
standoutwoman15,0.6666666666666666,0.5,0.6666666666666666,0.6666666666666666,0.5,0.5,0.6666666666666666,0.6666666666666666,0.5,0.5
stediprimio,0.6666666666666666,0.5,0.6666666666666666,0.6666666666666666,0.6666666666666666,0.5,0.5,0.6666666666666666,0.6666666666666666,0.6666666666666666
stephbham,0.6666666666666666,0.5,0.5,0.5,0.6666666666666666,0.5,0.8333333333333334,0.6666666666666666,0.6666666666666666,0.6666666666666666
stevenmayatt,0.3333333333333333,0.5,0.3333333333333333,0.3333333333333333,0.5,0.6666666666666666,0.3333333333333333,0.5,0.5,0.6666666666666666
stopitasounding,0.5,0.5,0.5,0.5,0.5,0.5,0.5,0.6666666666666666,0.5,0.6666666666666666
storiedichi,0.6666666666666666,0.6666666666666666,0.6666666666666666,0.5,0.5,0.8333333333333334,0.5,0.6666666666666666,0.6666666666666666,0.6666666666666666
sue_wareham75,0.6666666666666666,0.5,0.5,0.5,0.5,0.5,0.8333333333333334,0.6666666666666666,0.6666666666666666,0.6666666666666666
sugarrosekitch,0.5,0.5,0.5,0.5,0.5,0.6666666666666666,0.6666666666666666,0.6666666666666666,0.6666666666666666,0.6666666666666666
sunsetlver,0.6666666666666666,0.5,0.5,0.5,0.5,0.5,0.5,0.5,0.5,0.5
symmetricalboy,0.3333333333333333,0.6666666666666666,0.3333333333333333,0.5,0.3333333333333333,0.6666666666666666,0.6666666666666666,0.5,0.5,0.5
teemaxed,0.5,0.5,0.3333333333333333,0.5,0.5,0.5,0.6666666666666666,0.5,0.5,0.5
tfcouriers,0.8333333333333334,0.5,0.5,0.5,0.6666666666666666,0.6666666666666666,0.5,0.5,0.5,0.5
theUnrealcoffee,0.5,0.5,0.6666666666666666,0.5,0.5,0.5,0.5,0.5,0.6666666666666666,0.5
theavpros,0.8333333333333334,0.5,0.5,0.5,0.6666666666666666,0.6666666666666666,0.5,0.5,0.5,0.5
thebrain_cz,0.6666666666666666,0.6666666666666666,0.6666666666666666,0.5,0.5,0.6666666666666666,0.5,0.6666666666666666,0.6666666666666666,0.6666666666666666
theramalmedia,0.5,0.8333333333333334,0.6666666666666666,0.5,0.5,0.8333333333333334,0.6666666666666666,0.5,0.6666666666666666,0.5
thesweetpaisana,1.0,0.5,0.5,0.6666666666666666,0.6666666666666666,0.3333333333333333,0.8333333333333334,0.8333333333333334,0.5,0.6666666666666666
turtlesville,0.5,0.5,0.5,0.5,0.5,0.5,0.5,0.5,0.5,0.5
tuscanysusie,1.0,0.5,0.6666666666666666,0.6666666666666666,0.6666666666666666,0.5,0.8333333333333334,0.6666666666666666,0.6666666666666666,0.5
udaypandey1234,0.5,0.5,0.5,0.5,0.5,0.5,0.5,0.5,0.5,0.5
ugc_girl_bosss,0.5,0.5,0.6666666666666666,0.5,0.5,0.5,0.5,0.5,0.6666666666666666,0.5
ugcbytori,0.5,0.5,0.5,0.5,0.5,0.5,0.5,0.6666666666666666,0.5,0.6666666666666666
ugcdrewherlife,0.5,0.5,0.5,0.6666666666666666,0.6666666666666666,0.5,0.5,0.5,0.5,0.5
ugcfreedom,0.5,0.5,0.6666666666666666,0.5,0.5,0.5,0.5,0.5,0.6666666666666666,0.5
ugcrose,0.5,0.5,0.5,0.5,0.5,0.5,0.5,0.5,0.5,0.5
ugcrosemary,0.5,0.5,0.5,0.6666666666666666,0.6666666666666666,0.5,0.5,0.5,0.5,0.5
uhmaayyze,0.3333333333333333,0.3333333333333333,0.5,0.5,0.5,0.3333333333333333,0.5,0.5,0.5,0.5
undersunbio,0.5,0.5,0.6666666666666666,0.6666666666666666,0.6666666666666666,0.5,0.5,0.5,0.6666666666666666,0.5
unmightypyro,0.5,0.5,0.5,0.5,0.5,0.5,0.5,0.3333333333333333,0.5,0.3333333333333333
viaggiatore_npc,0.6666666666666666,0.5,0.5,0.5,0.5,0.5,0.3333333333333333,0.5,0.3333333333333333,0.5
vics1971,0.5,0.5,0.5,0.5,0.5,0.5,0.5,0.5,0.5,0.5
vms2zos,0.5,0.5,0.5,0.5,0.5,0.3333333333333333,0.5,0.5,0.5,0.5
walter_conforti,0.5,0.5,0.5,0.5,0.5,0.5,0.5,0.6666666666666666,0.5,0.6666666666666666
weetish,0.3333333333333333,0.5,0.3333333333333333,0.6666666666666666,0.6666666666666666,0.5,0.3333333333333333,0.8333333333333334,0.3333333333333333,0.8333333333333334
werewolfdonut,0.5,0.5,0.5,0.6666666666666666,0.6666666666666666,0.5,0.5,0.5,0.5,0.5
wilhelmdonkor27,0.5,0.5,0.5,0.5,0.5,0.5,0.5,0.5,0.5,0.5
wittystwitty,0.5,0.5,0.5,0.5,0.5,0.5,0.5,0.5,0.5,0.5
xkj1985x,0.6666666666666666,0.5,0.3333333333333333,0.3333333333333333,0.6666666666666666,0.5,0.3333333333333333,0.3333333333333333,0.5,0.5
ziopaolo2015,0.5,0.5,0.5,0.5,0.5,0.5,0.5,0.5,0.5,0.5
